{
    "width": 1280,
    "height": 720,
    "ppx": 643.9383544921875,
    "ppy": 362.135009765625,
    "fx": 644.39111328125,
    "fy": 644.39111328125,
    "model": 4,
    "units": 9.999999747378752e-05,
    "coeffs": [
        0.0,
        0.0,
        0.0,
        0.0,
        0.0
    ]
}